Requester Email,Subject,Status
user0@acme.io,issue,closed
user0@acme.io,issue,closed
user2@acme.io,issue,closed
user3@acme.io,issue,closed
user3@acme.io,issue,closed
user5@acme.io,issue,closed
user5@acme.io,issue,closed
user7@acme.io,issue,closed
user8@acme.io,issue,closed
user10@acme.io,issue,closed
user11@acme.io,issue,closed
user11@acme.io,issue,closed
user12@acme.io,issue,closed
user12@acme.io,issue,closed
user14@acme.io,issue,closed
user15@acme.io,issue,closed
user15@acme.io,issue,closed
user16@acme.io,issue,closed
user16@acme.io,issue,closed
user16@acme.io,issue,closed
user17@acme.io,issue,closed
user17@acme.io,issue,closed
user18@acme.io,issue,closed
user18@acme.io,issue,closed
user20@acme.io,issue,closed
user22@acme.io,issue,closed
user23@acme.io,issue,closed
user24@acme.io,issue,closed
user26@acme.io,issue,closed
user26@acme.io,issue,closed
user27@acme.io,issue,closed
user29@acme.io,issue,closed
user29@acme.io,issue,closed
user30@acme.io,issue,closed
user31@acme.io,issue,closed
user33@acme.io,issue,closed
user33@acme.io,issue,closed
user34@acme.io,issue,closed
user34@acme.io,issue,closed
user35@acme.io,issue,closed
user37@acme.io,issue,closed
user37@acme.io,issue,closed
user37@acme.io,issue,closed
user38@acme.io,issue,closed
user40@acme.io,issue,closed
user41@acme.io,issue,closed
user42@acme.io,issue,closed
user42@acme.io,issue,closed
user43@acme.io,issue,closed
user44@acme.io,issue,closed
user45@acme.io,issue,closed
user45@acme.io,issue,closed
user46@acme.io,issue,closed
user47@acme.io,issue,closed
user48@acme.io,issue,closed
user48@acme.io,issue,closed
user48@acme.io,issue,closed
user49@acme.io,issue,closed
user50@acme.io,issue,closed
user50@acme.io,issue,closed
user51@acme.io,issue,closed
user52@acme.io,issue,closed
user54@acme.io,issue,closed
user54@acme.io,issue,closed
user54@acme.io,issue,closed
user55@acme.io,issue,closed
user55@acme.io,issue,closed
user55@acme.io,issue,closed
user56@acme.io,issue,closed
user57@acme.io,issue,closed
user60@acme.io,issue,closed
user62@acme.io,issue,closed
user63@acme.io,issue,closed
user64@acme.io,issue,closed
user64@acme.io,issue,closed
user64@acme.io,issue,closed
user65@acme.io,issue,closed
user66@acme.io,issue,closed
user67@acme.io,issue,closed
user68@acme.io,issue,closed
user68@acme.io,issue,closed
user68@acme.io,issue,closed
user69@acme.io,issue,closed
user70@acme.io,issue,closed
user71@acme.io,issue,closed
user72@acme.io,issue,closed
user73@acme.io,issue,closed
user75@acme.io,issue,closed
user76@acme.io,issue,closed
user77@acme.io,issue,closed
user78@acme.io,issue,closed
user78@acme.io,issue,closed
user79@acme.io,issue,closed
user79@acme.io,issue,closed
user82@acme.io,issue,closed
user82@acme.io,issue,closed
user84@acme.io,issue,closed
user86@acme.io,issue,closed
user86@acme.io,issue,closed
user87@acme.io,issue,closed
user88@acme.io,issue,closed
user89@acme.io,issue,closed
user91@acme.io,issue,closed
user93@acme.io,issue,closed
user93@acme.io,issue,closed
user93@acme.io,issue,closed
user95@acme.io,issue,closed
user96@acme.io,issue,closed
user97@acme.io,issue,closed
user97@acme.io,issue,closed
user98@acme.io,issue,closed
user102@acme.io,issue,closed
user103@acme.io,issue,closed
user103@acme.io,issue,closed
user104@acme.io,issue,closed
user104@acme.io,issue,closed
user106@acme.io,issue,closed
user106@acme.io,issue,closed
user107@acme.io,issue,closed
user107@acme.io,issue,closed
user108@acme.io,issue,closed
user108@acme.io,issue,closed
user110@acme.io,issue,closed
user111@acme.io,issue,closed
user111@acme.io,issue,closed
user113@acme.io,issue,closed
user113@acme.io,issue,closed
user113@acme.io,issue,closed
user115@acme.io,issue,closed
user115@acme.io,issue,closed
user115@acme.io,issue,closed
user116@acme.io,issue,closed
user116@acme.io,issue,closed
user117@acme.io,issue,closed
user118@acme.io,issue,closed
user121@acme.io,issue,closed
user121@acme.io,issue,closed
user121@acme.io,issue,closed
user121@acme.io,issue,closed
user122@acme.io,issue,closed
user122@acme.io,issue,closed
user122@acme.io,issue,closed
user124@acme.io,issue,closed
user125@acme.io,issue,closed
user126@acme.io,issue,closed
user126@acme.io,issue,closed
user127@acme.io,issue,closed
user127@acme.io,issue,closed
user128@acme.io,issue,closed
user128@acme.io,issue,closed
user130@acme.io,issue,closed
user130@acme.io,issue,closed
user132@acme.io,issue,closed
user132@acme.io,issue,closed
user133@acme.io,issue,closed
user133@acme.io,issue,closed
user134@acme.io,issue,closed
user139@acme.io,issue,closed
user139@acme.io,issue,closed
user140@acme.io,issue,closed
user140@acme.io,issue,closed
user143@acme.io,issue,closed
user144@acme.io,issue,closed
user146@acme.io,issue,closed
user146@acme.io,issue,closed
user146@acme.io,issue,closed
user146@acme.io,issue,closed
user146@acme.io,issue,closed
user147@acme.io,issue,closed
user148@acme.io,issue,closed
user149@acme.io,issue,closed
user149@acme.io,issue,closed
user150@acme.io,issue,closed
user152@acme.io,issue,closed
user152@acme.io,issue,closed
user153@acme.io,issue,closed
user154@acme.io,issue,closed
user155@acme.io,issue,closed
user155@acme.io,issue,closed
user157@acme.io,issue,closed
user158@acme.io,issue,closed
user158@acme.io,issue,closed
user159@acme.io,issue,closed
